epoch,loss,mse,val_loss,val_mse
0,0.002369075082242489,0.0023690746165812016,0.002396647585555911,0.002396647585555911
1,0.0021596618462353945,0.0021596618462353945,0.0022898048628121614,0.002289805095642805
2,0.0017894153716042638,0.0017894153716042638,0.001931689097546041,0.0019316889811307192
