epoch,loss,mean_squared_error,val_loss,val_mean_squared_error
0,7.552432537078857,7.552433013916016,80.615478515625,80.61548614501953
1,6.793216228485107,6.793217182159424,79.01750183105469,79.01750183105469
