epoch,loss,mse,val_loss,val_mse
0,0.0024186791852116585,0.0024186791852116585,0.002404699334874749,0.002404699334874749
1,0.002410534769296646,0.0024105350021272898,0.0024016890674829483,0.0024016890674829483
2,0.0023956450168043375,0.0023956450168043375,0.0024002452846616507,0.0024002452846616507
