epoch,loss,mse,val_loss,val_mse
0,0.002364697400480509,0.0023646976333111525,0.002396321389824152,0.002396321389824152
1,0.00213069305755198,0.0021306935232132673,0.0023074110504239798,0.0023074110504239798
2,0.0017488176235929132,0.0017488176235929132,0.001998106949031353,0.0019981071818619967
