epoch,loss,mse,val_loss,val_mse
0,0.002391664544120431,0.0023916647769510746,0.002399106277152896,0.002399106277152896
1,0.0023463922552764416,0.0023463917896151543,0.0023792150896042585,0.002379215322434902
2,0.0022969755809754133,0.0022969760466367006,0.0023297469597309828,0.0023297471925616264
