epoch,loss,mse,val_loss,val_mse
0,0.0023706695064902306,0.002370669739320874,0.002393424278125167,0.0023934240452945232
1,0.0021566206123679876,0.002156621078029275,0.002291037468239665,0.002291037468239665
2,0.0017623723251745105,0.0017623720923438668,0.002025075489655137,0.0020250752568244934
