epoch,loss,mse,val_loss,val_mse
0,0.0023773224093019962,0.002377321943640709,0.0024000643752515316,0.0024000643752515316
1,0.0023081053514033556,0.0023081053514033556,0.0023960175458341837,0.0023960175458341837
2,0.0021925868932157755,0.002192587358877063,0.0023770928382873535,0.0023770928382873535
